type;minutos;segudos;miliegundos;tempo;threads;entrada
sys;0;0;12;0.12;0;10x1M
sys;0;0;16;0.16;0;10x1M
sys;0;0;20;0.20;0;10x1M
sys;0;0;20;0.20;0;10x1M
sys;0;0;24;0.24;0;10x1M
sys;0;0;24;0.24;0;10x1M
sys;0;0;24;0.24;0;10x1M
sys;0;0;24;0.24;0;10x1M
sys;0;0;24;0.24;0;10x1M
sys;0;0;28;0.28;0;10x1M
sys;0;0;28;0.28;0;10x1M
sys;0;0;32;0.32;0;10x1M
sys;0;0;32;0.32;0;10x1M
sys;0;0;36;0.36;0;10x1M
sys;0;0;40;0.40;0;10x1M
sys;0;0;44;0.44;0;10x1M
sys;0;0;52;0.52;0;10x1M
sys;0;0;56;0.56;0;10x1M
sys;0;0;60;0.60;0;10x1M
sys;0;0;8;0.8;0;10x1M
user;0;28;667;28.667;0;10x1M
user;0;28;682;28.682;0;10x1M
user;0;28;692;28.692;0;10x1M
user;0;28;693;28.693;0;10x1M
user;0;28;695;28.695;0;10x1M
user;0;28;700;28.700;0;10x1M
user;0;28;700;28.700;0;10x1M
user;0;28;701;28.701;0;10x1M
user;0;28;705;28.705;0;10x1M
real;0;28;716;28.716;0;10x1M
real;0;28;716;28.716;0;10x1M
real;0;28;718;28.718;0;10x1M
real;0;28;718;28.718;0;10x1M
real;0;28;718;28.718;0;10x1M
real;0;28;718;28.718;0;10x1M
real;0;28;720;28.720;0;10x1M
user;0;28;722;28.722;0;10x1M
user;0;28;727;28.727;0;10x1M
real;0;28;728;28.728;0;10x1M
real;0;28;735;28.735;0;10x1M
user;0;28;735;28.735;0;10x1M
real;0;28;741;28.741;0;10x1M
real;0;28;744;28.744;0;10x1M
user;0;28;763;28.763;0;10x1M
user;0;28;774;28.774;0;10x1M
real;0;28;779;28.779;0;10x1M
real;0;28;781;28.781;0;10x1M
real;0;28;828;28.828;0;10x1M
user;0;28;853;28.853;0;10x1M
user;0;28;864;28.864;0;10x1M
user;0;28;879;28.879;0;10x1M
user;0;28;889;28.889;0;10x1M
real;0;28;892;28.892;0;10x1M
user;0;28;897;28.897;0;10x1M
real;0;28;911;28.911;0;10x1M
real;0;28;912;28.912;0;10x1M
real;0;28;915;28.915;0;10x1M
real;0;28;920;28.920;0;10x1M
user;0;28;977;28.977;0;10x1M
real;0;29;14;29.14;0;10x1M
sys;0;0;12;0.12;1;10x1M
sys;0;0;16;0.16;1;10x1M
sys;0;0;16;0.16;1;10x1M
sys;0;0;20;0.20;1;10x1M
sys;0;0;20;0.20;1;10x1M
sys;0;0;20;0.20;1;10x1M
sys;0;0;20;0.20;1;10x1M
sys;0;0;20;0.20;1;10x1M
sys;0;0;24;0.24;1;10x1M
sys;0;0;24;0.24;1;10x1M
sys;0;0;24;0.24;1;10x1M
sys;0;0;28;0.28;1;10x1M
sys;0;0;28;0.28;1;10x1M
sys;0;0;32;0.32;1;10x1M
sys;0;0;36;0.36;1;10x1M
sys;0;0;4;0.4;1;10x1M
sys;0;0;40;0.40;1;10x1M
sys;0;0;8;0.8;1;10x1M
sys;0;0;8;0.8;1;10x1M
sys;0;0;8;0.8;1;10x1M
real;0;29;102;29.102;1;10x1M
real;0;29;104;29.104;1;10x1M
user;0;29;160;29.160;1;10x1M
user;0;29;165;29.165;1;10x1M
real;0;29;172;29.172;1;10x1M
real;0;29;177;29.177;1;10x1M
user;0;29;203;29.203;1;10x1M
user;0;29;206;29.206;1;10x1M
real;0;29;234;29.234;1;10x1M
real;0;29;243;29.243;1;10x1M
user;0;29;313;29.313;1;10x1M
user;0;29;321;29.321;1;10x1M
real;0;29;323;29.323;1;10x1M
real;0;29;345;29.345;1;10x1M
user;0;29;422;29.422;1;10x1M
real;0;29;431;29.431;1;10x1M
user;0;29;47;29.47;1;10x1M
user;0;29;48;29.48;1;10x1M
user;0;29;50;29.50;1;10x1M
user;0;29;52;29.52;1;10x1M
user;0;29;538;29.538;1;10x1M
real;0;29;542;29.542;1;10x1M
user;0;29;59;29.59;1;10x1M
user;0;29;60;29.60;1;10x1M
user;0;29;62;29.62;1;10x1M
user;0;29;67;29.67;1;10x1M
real;0;29;68;29.68;1;10x1M
real;0;29;71;29.71;1;10x1M
user;0;29;72;29.72;1;10x1M
real;0;29;73;29.73;1;10x1M
user;0;29;74;29.74;1;10x1M
real;0;29;78;29.78;1;10x1M
user;0;29;80;29.80;1;10x1M
real;0;29;82;29.82;1;10x1M
user;0;29;82;29.82;1;10x1M
real;0;29;84;29.84;1;10x1M
real;0;29;90;29.90;1;10x1M
real;0;29;91;29.91;1;10x1M
real;0;29;92;29.92;1;10x1M
real;0;29;92;29.92;1;10x1M
sys;0;0;12;0.12;2;10x1M
sys;0;0;16;0.16;2;10x1M
sys;0;0;20;0.20;2;10x1M
sys;0;0;20;0.20;2;10x1M
sys;0;0;24;0.24;2;10x1M
sys;0;0;24;0.24;2;10x1M
sys;0;0;24;0.24;2;10x1M
sys;0;0;28;0.28;2;10x1M
sys;0;0;28;0.28;2;10x1M
sys;0;0;28;0.28;2;10x1M
sys;0;0;28;0.28;2;10x1M
sys;0;0;36;0.36;2;10x1M
sys;0;0;36;0.36;2;10x1M
sys;0;0;36;0.36;2;10x1M
sys;0;0;40;0.40;2;10x1M
sys;0;0;40;0.40;2;10x1M
sys;0;0;40;0.40;2;10x1M
sys;0;0;40;0.40;2;10x1M
sys;0;0;48;0.48;2;10x1M
sys;0;0;52;0.52;2;10x1M
real;0;16;152;16.152;2;10x1M
real;0;16;155;16.155;2;10x1M
real;0;16;156;16.156;2;10x1M
real;0;16;162;16.162;2;10x1M
real;0;16;165;16.165;2;10x1M
real;0;16;166;16.166;2;10x1M
real;0;16;168;16.168;2;10x1M
real;0;16;169;16.169;2;10x1M
real;0;16;172;16.172;2;10x1M
real;0;16;173;16.173;2;10x1M
real;0;16;173;16.173;2;10x1M
real;0;16;175;16.175;2;10x1M
real;0;16;176;16.176;2;10x1M
real;0;16;182;16.182;2;10x1M
real;0;16;186;16.186;2;10x1M
real;0;16;195;16.195;2;10x1M
real;0;16;195;16.195;2;10x1M
real;0;16;203;16.203;2;10x1M
real;0;16;215;16.215;2;10x1M
real;0;16;259;16.259;2;10x1M
user;0;29;313;29.313;2;10x1M
user;0;29;335;29.335;2;10x1M
user;0;29;338;29.338;2;10x1M
user;0;29;343;29.343;2;10x1M
user;0;29;347;29.347;2;10x1M
user;0;29;350;29.350;2;10x1M
user;0;29;351;29.351;2;10x1M
user;0;29;356;29.356;2;10x1M
user;0;29;358;29.358;2;10x1M
user;0;29;358;29.358;2;10x1M
user;0;29;363;29.363;2;10x1M
user;0;29;369;29.369;2;10x1M
user;0;29;373;29.373;2;10x1M
user;0;29;386;29.386;2;10x1M
user;0;29;387;29.387;2;10x1M
user;0;29;395;29.395;2;10x1M
user;0;29;399;29.399;2;10x1M
user;0;29;404;29.404;2;10x1M
user;0;29;445;29.445;2;10x1M
user;0;29;468;29.468;2;10x1M
sys;0;0;12;0.12;4;10x1M
sys;0;0;20;0.20;4;10x1M
sys;0;0;20;0.20;4;10x1M
sys;0;0;28;0.28;4;10x1M
sys;0;0;28;0.28;4;10x1M
sys;0;0;28;0.28;4;10x1M
sys;0;0;28;0.28;4;10x1M
sys;0;0;28;0.28;4;10x1M
sys;0;0;32;0.32;4;10x1M
sys;0;0;32;0.32;4;10x1M
sys;0;0;32;0.32;4;10x1M
sys;0;0;36;0.36;4;10x1M
sys;0;0;48;0.48;4;10x1M
sys;0;0;52;0.52;4;10x1M
sys;0;0;52;0.52;4;10x1M
sys;0;0;56;0.56;4;10x1M
sys;0;0;56;0.56;4;10x1M
sys;0;0;56;0.56;4;10x1M
sys;0;0;64;0.64;4;10x1M
sys;0;0;76;0.76;4;10x1M
real;0;15;393;15.393;4;10x1M
real;0;15;411;15.411;4;10x1M
real;0;15;414;15.414;4;10x1M
real;0;15;416;15.416;4;10x1M
real;0;15;422;15.422;4;10x1M
real;0;15;427;15.427;4;10x1M
real;0;15;432;15.432;4;10x1M
real;0;15;436;15.436;4;10x1M
real;0;15;446;15.446;4;10x1M
real;0;15;448;15.448;4;10x1M
real;0;15;468;15.468;4;10x1M
real;0;15;469;15.469;4;10x1M
real;0;15;509;15.509;4;10x1M
real;0;15;516;15.516;4;10x1M
real;0;15;521;15.521;4;10x1M
real;0;15;528;15.528;4;10x1M
real;0;15;547;15.547;4;10x1M
real;0;15;554;15.554;4;10x1M
real;0;15;574;15.574;4;10x1M
real;0;15;606;15.606;4;10x1M
user;0;52;325;52.325;4;10x1M
user;0;52;356;52.356;4;10x1M
user;0;52;370;52.370;4;10x1M
user;0;52;373;52.373;4;10x1M
user;0;52;413;52.413;4;10x1M
user;0;52;417;52.417;4;10x1M
user;0;52;438;52.438;4;10x1M
user;0;52;444;52.444;4;10x1M
user;0;52;453;52.453;4;10x1M
user;0;52;472;52.472;4;10x1M
user;0;52;475;52.475;4;10x1M
user;0;52;475;52.475;4;10x1M
user;0;52;485;52.485;4;10x1M
user;0;52;490;52.490;4;10x1M
user;0;52;511;52.511;4;10x1M
user;0;52;528;52.528;4;10x1M
user;0;52;540;52.540;4;10x1M
user;0;52;616;52.616;4;10x1M
user;0;52;629;52.629;4;10x1M
user;0;52;721;52.721;4;10x1M
sys;0;0;128;0.128;8;10x1M
sys;0;0;20;0.20;8;10x1M
sys;0;0;24;0.24;8;10x1M
sys;0;0;24;0.24;8;10x1M
sys;0;0;28;0.28;8;10x1M
sys;0;0;32;0.32;8;10x1M
sys;0;0;36;0.36;8;10x1M
sys;0;0;36;0.36;8;10x1M
sys;0;0;36;0.36;8;10x1M
sys;0;0;36;0.36;8;10x1M
sys;0;0;40;0.40;8;10x1M
sys;0;0;40;0.40;8;10x1M
sys;0;0;44;0.44;8;10x1M
sys;0;0;44;0.44;8;10x1M
sys;0;0;44;0.44;8;10x1M
sys;0;0;44;0.44;8;10x1M
sys;0;0;44;0.44;8;10x1M
sys;0;0;64;0.64;8;10x1M
sys;0;0;64;0.64;8;10x1M
sys;0;0;88;0.88;8;10x1M
real;0;15;366;15.366;8;10x1M
real;0;15;369;15.369;8;10x1M
real;0;15;369;15.369;8;10x1M
real;0;15;371;15.371;8;10x1M
real;0;15;373;15.373;8;10x1M
real;0;15;387;15.387;8;10x1M
real;0;15;395;15.395;8;10x1M
real;0;15;396;15.396;8;10x1M
real;0;15;398;15.398;8;10x1M
real;0;15;412;15.412;8;10x1M
real;0;15;414;15.414;8;10x1M
real;0;15;416;15.416;8;10x1M
real;0;15;419;15.419;8;10x1M
real;0;15;429;15.429;8;10x1M
real;0;15;430;15.430;8;10x1M
real;0;15;434;15.434;8;10x1M
real;0;15;436;15.436;8;10x1M
real;0;15;437;15.437;8;10x1M
real;0;15;485;15.485;8;10x1M
real;0;15;616;15.616;8;10x1M
user;0;50;721;50.721;8;10x1M
user;0;50;721;50.721;8;10x1M
user;0;50;788;50.788;8;10x1M
user;0;50;817;50.817;8;10x1M
user;0;50;833;50.833;8;10x1M
user;0;50;839;50.839;8;10x1M
user;0;50;856;50.856;8;10x1M
user;0;50;859;50.859;8;10x1M
user;0;50;870;50.870;8;10x1M
user;0;50;894;50.894;8;10x1M
user;0;50;902;50.902;8;10x1M
user;0;50;910;50.910;8;10x1M
user;0;50;917;50.917;8;10x1M
user;0;50;924;50.924;8;10x1M
user;0;50;927;50.927;8;10x1M
user;0;50;949;50.949;8;10x1M
user;0;50;954;50.954;8;10x1M
user;0;50;964;50.964;8;10x1M
user;0;50;986;50.986;8;10x1M
user;0;51;23;51.23;8;10x1M
sys;0;0;28;0.28;0;10x2M
sys;0;0;28;0.28;0;10x2M
sys;0;0;32;0.32;0;10x2M
sys;0;0;32;0.32;0;10x2M
sys;0;0;32;0.32;0;10x2M
sys;0;0;36;0.36;0;10x2M
sys;0;0;40;0.40;0;10x2M
sys;0;0;44;0.44;0;10x2M
sys;0;0;44;0.44;0;10x2M
sys;0;0;48;0.48;0;10x2M
sys;0;0;48;0.48;0;10x2M
sys;0;0;48;0.48;0;10x2M
sys;0;0;48;0.48;0;10x2M
sys;0;0;48;0.48;0;10x2M
sys;0;0;56;0.56;0;10x2M
sys;0;0;64;0.64;0;10x2M
sys;0;0;72;0.72;0;10x2M
sys;0;0;76;0.76;0;10x2M
sys;0;0;80;0.80;0;10x2M
sys;0;0;92;0.92;0;10x2M
user;1;7;179;67.179;0;10x2M
user;1;7;182;67.182;0;10x2M
user;1;7;211;67.211;0;10x2M
user;1;7;213;67.213;0;10x2M
user;1;7;213;67.213;0;10x2M
user;1;7;216;67.216;0;10x2M
user;1;7;221;67.221;0;10x2M
real;1;7;231;67.231;0;10x2M
user;1;7;236;67.236;0;10x2M
user;1;7;240;67.240;0;10x2M
real;1;7;246;67.246;0;10x2M
user;1;7;246;67.246;0;10x2M
user;1;7;252;67.252;0;10x2M
real;1;7;254;67.254;0;10x2M
real;1;7;258;67.258;0;10x2M
real;1;7;259;67.259;0;10x2M
real;1;7;264;67.264;0;10x2M
user;1;7;266;67.266;0;10x2M
real;1;7;267;67.267;0;10x2M
real;1;7;270;67.270;0;10x2M
real;1;7;274;67.274;0;10x2M
real;1;7;283;67.283;0;10x2M
user;1;7;283;67.283;0;10x2M
real;1;7;289;67.289;0;10x2M
user;1;7;296;67.296;0;10x2M
real;1;7;314;67.314;0;10x2M
real;1;7;325;67.325;0;10x2M
real;1;7;345;67.345;0;10x2M
user;1;7;569;67.569;0;10x2M
user;1;7;578;67.578;0;10x2M
real;1;7;619;67.619;0;10x2M
user;1;7;640;67.640;0;10x2M
real;1;7;673;67.673;0;10x2M
real;1;7;705;67.705;0;10x2M
user;1;7;860;67.860;0;10x2M
real;1;7;938;67.938;0;10x2M
user;1;8;144;68.144;0;10x2M
real;1;8;188;68.188;0;10x2M
real;1;9;192;69.192;0;10x2M
user;1;9;52;69.52;0;10x2M
sys;0;0;116;0.116;1;10x2M
sys;0;0;132;0.132;1;10x2M
sys;0;0;32;0.32;1;10x2M
sys;0;0;32;0.32;1;10x2M
sys;0;0;32;0.32;1;10x2M
sys;0;0;36;0.36;1;10x2M
sys;0;0;36;0.36;1;10x2M
sys;0;0;40;0.40;1;10x2M
sys;0;0;44;0.44;1;10x2M
sys;0;0;44;0.44;1;10x2M
sys;0;0;48;0.48;1;10x2M
sys;0;0;52;0.52;1;10x2M
sys;0;0;52;0.52;1;10x2M
sys;0;0;56;0.56;1;10x2M
sys;0;0;60;0.60;1;10x2M
sys;0;0;60;0.60;1;10x2M
sys;0;0;60;0.60;1;10x2M
sys;0;0;68;0.68;1;10x2M
sys;0;0;72;0.72;1;10x2M
sys;0;0;88;0.88;1;10x2M
user;1;8;381;68.381;1;10x2M
user;1;8;386;68.386;1;10x2M
user;1;8;403;68.403;1;10x2M
user;1;8;404;68.404;1;10x2M
user;1;8;419;68.419;1;10x2M
user;1;8;424;68.424;1;10x2M
user;1;8;426;68.426;1;10x2M
user;1;8;429;68.429;1;10x2M
real;1;8;435;68.435;1;10x2M
user;1;8;442;68.442;1;10x2M
user;1;8;448;68.448;1;10x2M
user;1;8;451;68.451;1;10x2M
real;1;8;455;68.455;1;10x2M
real;1;8;456;68.456;1;10x2M
real;1;8;462;68.462;1;10x2M
real;1;8;463;68.463;1;10x2M
real;1;8;466;68.466;1;10x2M
real;1;8;472;68.472;1;10x2M
real;1;8;473;68.473;1;10x2M
user;1;8;483;68.483;1;10x2M
real;1;8;484;68.484;1;10x2M
real;1;8;485;68.485;1;10x2M
user;1;8;508;68.508;1;10x2M
real;1;8;510;68.510;1;10x2M
user;1;8;510;68.510;1;10x2M
real;1;8;526;68.526;1;10x2M
real;1;8;543;68.543;1;10x2M
user;1;8;544;68.544;1;10x2M
real;1;8;585;68.585;1;10x2M
real;1;8;589;68.589;1;10x2M
user;1;8;669;68.669;1;10x2M
user;1;8;682;68.682;1;10x2M
real;1;8;712;68.712;1;10x2M
real;1;8;728;68.728;1;10x2M
user;1;9;196;69.196;1;10x2M
real;1;9;319;69.319;1;10x2M
user;1;9;439;69.439;1;10x2M
real;1;9;529;69.529;1;10x2M
user;1;12;264;72.264;1;10x2M
real;1;12;414;72.414;1;10x2M
sys;0;0;20;0.20;2;10x2M
sys;0;0;28;0.28;2;10x2M
sys;0;0;28;0.28;2;10x2M
sys;0;0;36;0.36;2;10x2M
sys;0;0;40;0.40;2;10x2M
sys;0;0;40;0.40;2;10x2M
sys;0;0;44;0.44;2;10x2M
sys;0;0;44;0.44;2;10x2M
sys;0;0;44;0.44;2;10x2M
sys;0;0;44;0.44;2;10x2M
sys;0;0;44;0.44;2;10x2M
sys;0;0;48;0.48;2;10x2M
sys;0;0;48;0.48;2;10x2M
sys;0;0;60;0.60;2;10x2M
sys;0;0;64;0.64;2;10x2M
sys;0;0;68;0.68;2;10x2M
sys;0;0;68;0.68;2;10x2M
sys;0;0;72;0.72;2;10x2M
sys;0;0;76;0.76;2;10x2M
sys;0;0;76;0.76;2;10x2M
real;0;37;890;37.890;2;10x2M
real;0;37;903;37.903;2;10x2M
real;0;37;910;37.910;2;10x2M
real;0;37;915;37.915;2;10x2M
real;0;37;920;37.920;2;10x2M
real;0;37;927;37.927;2;10x2M
real;0;37;932;37.932;2;10x2M
real;0;37;933;37.933;2;10x2M
real;0;37;938;37.938;2;10x2M
real;0;37;941;37.941;2;10x2M
real;0;37;942;37.942;2;10x2M
real;0;37;945;37.945;2;10x2M
real;0;37;965;37.965;2;10x2M
real;0;37;978;37.978;2;10x2M
real;0;37;989;37.989;2;10x2M
real;0;37;995;37.995;2;10x2M
real;0;38;115;38.115;2;10x2M
real;0;38;217;38.217;2;10x2M
real;0;38;47;38.47;2;10x2M
real;0;38;714;38.714;2;10x2M
user;1;8;818;68.818;2;10x2M
user;1;8;819;68.819;2;10x2M
user;1;8;865;68.865;2;10x2M
user;1;8;866;68.866;2;10x2M
user;1;8;877;68.877;2;10x2M
user;1;8;890;68.890;2;10x2M
user;1;8;893;68.893;2;10x2M
user;1;8;911;68.911;2;10x2M
user;1;8;923;68.923;2;10x2M
user;1;8;933;68.933;2;10x2M
user;1;8;938;68.938;2;10x2M
user;1;8;945;68.945;2;10x2M
user;1;8;945;68.945;2;10x2M
user;1;8;948;68.948;2;10x2M
user;1;8;965;68.965;2;10x2M
user;1;8;992;68.992;2;10x2M
user;1;9;119;69.119;2;10x2M
user;1;9;260;69.260;2;10x2M
user;1;9;79;69.79;2;10x2M
user;1;10;275;70.275;2;10x2M
sys;0;0;104;0.104;4;10x2M
sys;0;0;108;0.108;4;10x2M
sys;0;0;140;0.140;4;10x2M
sys;0;0;20;0.20;4;10x2M
sys;0;0;215;0.215;4;10x2M
sys;0;0;263;0.263;4;10x2M
sys;0;0;28;0.28;4;10x2M
sys;0;0;48;0.48;4;10x2M
sys;0;0;52;0.52;4;10x2M
sys;0;0;52;0.52;4;10x2M
sys;0;0;56;0.56;4;10x2M
sys;0;0;56;0.56;4;10x2M
sys;0;0;56;0.56;4;10x2M
sys;0;0;60;0.60;4;10x2M
sys;0;0;60;0.60;4;10x2M
sys;0;0;64;0.64;4;10x2M
sys;0;0;64;0.64;4;10x2M
sys;0;0;68;0.68;4;10x2M
sys;0;0;68;0.68;4;10x2M
sys;0;0;80;0.80;4;10x2M
user;2;2;878;122.878;4;10x2M
user;2;3;291;123.291;4;10x2M
user;2;3;707;123.707;4;10x2M
user;2;3;844;123.844;4;10x2M
user;2;3;919;123.919;4;10x2M
user;2;3;921;123.921;4;10x2M
user;2;3;932;123.932;4;10x2M
user;2;3;940;123.940;4;10x2M
user;2;3;946;123.946;4;10x2M
user;2;3;973;123.973;4;10x2M
user;2;3;973;123.973;4;10x2M
user;2;4;10;124.10;4;10x2M
user;2;4;13;124.13;4;10x2M
user;2;4;25;124.25;4;10x2M
user;2;4;27;124.27;4;10x2M
user;2;4;7;124.7;4;10x2M
user;2;4;7;124.7;4;10x2M
user;2;4;72;124.72;4;10x2M
user;2;4;886;124.886;4;10x2M
user;2;4;99;124.99;4;10x2M
real;0;36;350;36.350;4;10x2M
real;0;36;354;36.354;4;10x2M
real;0;36;397;36.397;4;10x2M
real;0;36;398;36.398;4;10x2M
real;0;36;413;36.413;4;10x2M
real;0;36;414;36.414;4;10x2M
real;0;36;417;36.417;4;10x2M
real;0;36;419;36.419;4;10x2M
real;0;36;419;36.419;4;10x2M
real;0;36;427;36.427;4;10x2M
real;0;36;446;36.446;4;10x2M
real;0;36;459;36.459;4;10x2M
real;0;36;475;36.475;4;10x2M
real;0;36;483;36.483;4;10x2M
real;0;36;524;36.524;4;10x2M
real;0;36;526;36.526;4;10x2M
real;0;36;553;36.553;4;10x2M
real;0;36;628;36.628;4;10x2M
real;0;39;10;39.10;4;10x2M
real;0;40;728;40.728;4;10x2M
sys;0;0;120;0.120;8;10x2M
sys;0;0;216;0.216;8;10x2M
sys;0;0;36;0.36;8;10x2M
sys;0;0;40;0.40;8;10x2M
sys;0;0;48;0.48;8;10x2M
sys;0;0;52;0.52;8;10x2M
sys;0;0;56;0.56;8;10x2M
sys;0;0;56;0.56;8;10x2M
sys;0;0;56;0.56;8;10x2M
sys;0;0;60;0.60;8;10x2M
sys;0;0;64;0.64;8;10x2M
sys;0;0;68;0.68;8;10x2M
sys;0;0;76;0.76;8;10x2M
sys;0;0;76;0.76;8;10x2M
sys;0;0;88;0.88;8;10x2M
sys;0;0;88;0.88;8;10x2M
sys;0;0;92;0.92;8;10x2M
sys;0;0;92;0.92;8;10x2M
sys;0;0;92;0.92;8;10x2M
sys;0;0;96;0.96;8;10x2M
user;2;1;366;121.366;8;10x2M
user;2;1;519;121.519;8;10x2M
user;2;1;539;121.539;8;10x2M
user;2;1;591;121.591;8;10x2M
user;2;1;633;121.633;8;10x2M
user;2;1;643;121.643;8;10x2M
user;2;1;650;121.650;8;10x2M
user;2;1;661;121.661;8;10x2M
user;2;1;673;121.673;8;10x2M
user;2;1;710;121.710;8;10x2M
user;2;1;715;121.715;8;10x2M
user;2;1;736;121.736;8;10x2M
user;2;1;747;121.747;8;10x2M
user;2;1;759;121.759;8;10x2M
user;2;1;783;121.783;8;10x2M
user;2;1;790;121.790;8;10x2M
user;2;1;894;121.894;8;10x2M
user;2;1;936;121.936;8;10x2M
user;2;1;962;121.962;8;10x2M
user;2;2;69;122.69;8;10x2M
real;0;36;358;36.358;8;10x2M
real;0;36;377;36.377;8;10x2M
real;0;36;382;36.382;8;10x2M
real;0;36;384;36.384;8;10x2M
real;0;36;385;36.385;8;10x2M
real;0;36;400;36.400;8;10x2M
real;0;36;403;36.403;8;10x2M
real;0;36;419;36.419;8;10x2M
real;0;36;427;36.427;8;10x2M
real;0;36;434;36.434;8;10x2M
real;0;36;446;36.446;8;10x2M
real;0;36;464;36.464;8;10x2M
real;0;36;470;36.470;8;10x2M
real;0;36;477;36.477;8;10x2M
real;0;36;490;36.490;8;10x2M
real;0;36;498;36.498;8;10x2M
real;0;36;524;36.524;8;10x2M
real;0;36;546;36.546;8;10x2M
real;0;36;548;36.548;8;10x2M
real;0;36;672;36.672;8;10x2M
sys;0;0;104;0.104;0;10x5M
sys;0;0;104;0.104;0;10x5M
sys;0;0;108;0.108;0;10x5M
sys;0;0;108;0.108;0;10x5M
sys;0;0;112;0.112;0;10x5M
sys;0;0;112;0.112;0;10x5M
sys;0;0;120;0.120;0;10x5M
sys;0;0;120;0.120;0;10x5M
sys;0;0;132;0.132;0;10x5M
sys;0;0;140;0.140;0;10x5M
sys;0;0;148;0.148;0;10x5M
sys;0;0;176;0.176;0;10x5M
sys;0;0;188;0.188;0;10x5M
sys;0;0;192;0.192;0;10x5M
sys;0;0;320;0.320;0;10x5M
sys;0;0;372;0.372;0;10x5M
sys;0;0;80;0.80;0;10x5M
sys;0;0;88;0.88;0;10x5M
sys;0;0;92;0.92;0;10x5M
sys;0;0;96;0.96;0;10x5M
user;11;11;761;671.761;0;10x5M
user;11;11;958;671.958;0;10x5M
user;11;11;973;671.973;0;10x5M
user;11;12;0;672.0;0;10x5M
user;11;12;127;672.127;0;10x5M
real;11;12;129;672.129;0;10x5M
user;11;12;130;672.130;0;10x5M
real;11;12;142;672.142;0;10x5M
user;11;12;162;672.162;0;10x5M
real;11;12;173;672.173;0;10x5M
user;11;12;198;672.198;0;10x5M
real;11;12;221;672.221;0;10x5M
real;11;12;225;672.225;0;10x5M
real;11;12;248;672.248;0;10x5M
real;11;12;253;672.253;0;10x5M
user;11;12;255;672.255;0;10x5M
user;11;12;26;672.26;0;10x5M
real;11;12;334;672.334;0;10x5M
user;11;12;347;672.347;0;10x5M
user;11;12;358;672.358;0;10x5M
user;11;12;389;672.389;0;10x5M
real;11;12;434;672.434;0;10x5M
real;11;12;439;672.439;0;10x5M
real;11;12;469;672.469;0;10x5M
user;11;12;489;672.489;0;10x5M
real;11;12;502;672.502;0;10x5M
user;11;12;504;672.504;0;10x5M
user;11;12;551;672.551;0;10x5M
real;11;12;580;672.580;0;10x5M
real;11;12;651;672.651;0;10x5M
real;11;12;660;672.660;0;10x5M
real;11;12;74;672.74;0;10x5M
user;11;12;849;672.849;0;10x5M
real;11;12;999;672.999;0;10x5M
user;11;13;265;673.265;0;10x5M
real;11;13;370;673.370;0;10x5M
user;11;16;363;676.363;0;10x5M
real;11;16;469;676.469;0;10x5M
user;11;18;552;678.552;0;10x5M
real;11;18;921;678.921;0;10x5M
sys;0;0;100;0.100;1;10x5M
sys;0;0;100;0.100;1;10x5M
sys;0;0;104;0.104;1;10x5M
sys;0;0;104;0.104;1;10x5M
sys;0;0;104;0.104;1;10x5M
sys;0;0;104;0.104;1;10x5M
sys;0;0;104;0.104;1;10x5M
sys;0;0;108;0.108;1;10x5M
sys;0;0;108;0.108;1;10x5M
sys;0;0;120;0.120;1;10x5M
sys;0;0;132;0.132;1;10x5M
sys;0;0;132;0.132;1;10x5M
sys;0;0;144;0.144;1;10x5M
sys;0;0;144;0.144;1;10x5M
sys;0;0;148;0.148;1;10x5M
sys;0;0;148;0.148;1;10x5M
sys;0;0;156;0.156;1;10x5M
sys;0;0;156;0.156;1;10x5M
sys;0;0;68;0.68;1;10x5M
sys;0;0;68;0.68;1;10x5M
user;11;11;844;671.844;1;10x5M
user;11;11;909;671.909;1;10x5M
user;11;11;967;671.967;1;10x5M
user;11;11;967;671.967;1;10x5M
real;11;11;974;671.974;1;10x5M
user;11;12;11;672.11;1;10x5M
user;11;12;11;672.11;1;10x5M
real;11;12;111;672.111;1;10x5M
real;11;12;114;672.114;1;10x5M
real;11;12;118;672.118;1;10x5M
real;11;12;118;672.118;1;10x5M
user;11;12;16;672.16;1;10x5M
user;11;12;16;672.16;1;10x5M
real;11;12;180;672.180;1;10x5M
real;11;12;175;672.175;1;10x5M
real;11;12;190;672.190;1;10x5M
real;11;12;162;672.162;1;10x5M
real;11;12;229;672.229;1;10x5M
real;11;12;228;672.228;1;10x5M
user;11;12;230;672.230;1;10x5M
user;11;12;230;672.230;1;10x5M
real;11;12;25;672.25;1;10x5M
real;11;12;301;672.301;1;10x5M
real;11;12;300;672.300;1;10x5M
user;11;12;33;672.33;1;10x5M
user;11;12;33;672.33;1;10x5M
user;11;12;466;672.466;1;10x5M
user;11;12;466;672.466;1;10x5M
user;11;12;554;672.554;1;10x5M
user;11;12;554;672.554;1;10x5M
real;11;12;605;672.605;1;10x5M
real;11;12;606;672.606;1;10x5M
user;11;12;67;672.67;1;10x5M
user;11;12;67;672.67;1;10x5M
user;11;12;67;672.67;1;10x5M
user;11;12;67;672.67;1;10x5M
real;11;12;889;672.889;1;10x5M
real;11;12;891;672.891;1;10x5M
real;11;12;96;672.96;1;10x5M
real;11;12;98;672.98;1;10x5M
sys;0;0;136;0.136;2;10x5M
sys;0;0;144;0.144;2;10x5M
sys;0;0;156;0.156;2;10x5M
sys;0;0;156;0.156;2;10x5M
sys;0;0;168;0.168;2;10x5M
sys;0;0;168;0.168;2;10x5M
sys;0;0;184;0.184;2;10x5M
sys;0;0;208;0.208;2;10x5M
sys;0;0;208;0.208;2;10x5M
sys;0;0;216;0.216;2;10x5M
sys;0;0;236;0.236;2;10x5M
sys;0;0;260;0.260;2;10x5M
sys;0;0;272;0.272;2;10x5M
sys;0;0;276;0.276;2;10x5M
sys;0;0;288;0.288;2;10x5M
sys;0;0;308;0.308;2;10x5M
sys;0;0;320;0.320;2;10x5M
sys;0;0;324;0.324;2;10x5M
sys;0;0;348;0.348;2;10x5M
sys;0;0;72;0.72;2;10x5M
real;6;3;506;363.506;2;10x5M
real;6;3;508;363.508;2;10x5M
real;6;3;509;363.509;2;10x5M
real;6;3;556;363.556;2;10x5M
real;6;3;576;363.576;2;10x5M
real;6;3;584;363.584;2;10x5M
real;6;3;589;363.589;2;10x5M
real;6;3;590;363.590;2;10x5M
real;6;3;633;363.633;2;10x5M
real;6;3;635;363.635;2;10x5M
real;6;3;719;363.719;2;10x5M
real;6;3;724;363.724;2;10x5M
real;6;3;729;363.729;2;10x5M
real;6;3;746;363.746;2;10x5M
real;6;3;754;363.754;2;10x5M
real;6;4;101;364.101;2;10x5M
real;6;4;104;364.104;2;10x5M
real;6;4;278;364.278;2;10x5M
real;6;4;32;364.32;2;10x5M
real;6;8;1;368.1;2;10x5M
user;11;14;106;674.106;2;10x5M
user;11;14;152;674.152;2;10x5M
user;11;14;162;674.162;2;10x5M
user;11;14;193;674.193;2;10x5M
user;11;14;228;674.228;2;10x5M
user;11;14;23;674.23;2;10x5M
user;11;14;237;674.237;2;10x5M
user;11;14;245;674.245;2;10x5M
user;11;14;257;674.257;2;10x5M
user;11;14;268;674.268;2;10x5M
user;11;14;269;674.269;2;10x5M
user;11;14;314;674.314;2;10x5M
user;11;14;349;674.349;2;10x5M
user;11;14;353;674.353;2;10x5M
user;11;14;592;674.592;2;10x5M
user;11;14;608;674.608;2;10x5M
user;11;14;618;674.618;2;10x5M
user;11;14;81;674.81;2;10x5M
user;11;15;174;675.174;2;10x5M
user;11;19;516;679.516;2;10x5M
sys;0;0;264;0.264;4;10x5M
sys;0;0;264;0.264;4;10x5M
sys;0;0;264;0.264;4;10x5M
sys;0;0;312;0.312;4;10x5M
sys;0;0;312;0.312;4;10x5M
sys;0;0;312;0.312;4;10x5M
sys;0;0;316;0.316;4;10x5M
sys;0;0;316;0.316;4;10x5M
sys;0;0;348;0.348;4;10x5M
sys;0;0;348;0.348;4;10x5M
sys;0;0;348;0.348;4;10x5M
sys;0;0;360;0.360;4;10x5M
sys;0;0;360;0.360;4;10x5M
sys;0;0;384;0.384;4;10x5M
sys;0;0;384;0.384;4;10x5M
sys;0;0;412;0.412;4;10x5M
sys;0;0;412;0.412;4;10x5M
sys;0;0;412;0.412;4;10x5M
sys;0;0;455;0.455;4;10x5M
sys;0;0;455;0.455;4;10x5M
user;20;0;981;1200.981;4;10x5M
user;20;0;981;1200.981;4;10x5M
user;20;1;56;1201.56;4;10x5M
user;20;1;56;1201.56;4;10x5M
user;20;1;671;1201.671;4;10x5M
user;20;1;671;1201.671;4;10x5M
user;20;2;183;1202.183;4;10x5M
user;20;2;183;1202.183;4;10x5M
user;20;2;675;1202.675;4;10x5M
user;20;2;675;1202.675;4;10x5M
user;20;2;675;1202.675;4;10x5M
user;20;3;789;1203.789;4;10x5M
user;20;3;789;1203.789;4;10x5M
user;20;3;789;1203.789;4;10x5M
user;20;4;429;1204.429;4;10x5M
user;20;4;429;1204.429;4;10x5M
user;20;4;429;1204.429;4;10x5M
user;20;48;381;1248.381;4;10x5M
user;20;48;381;1248.381;4;10x5M
user;20;48;381;1248.381;4;10x5M
real;5;43;227;343.227;4;10x5M
real;5;43;228;343.228;4;10x5M
real;5;43;222;343.222;4;10x5M
real;5;43;757;343.757;4;10x5M
real;5;43;752;343.752;4;10x5M
real;5;43;750;343.750;4;10x5M
real;5;44;140;344.140;4;10x5M
real;5;44;150;344.150;4;10x5M
real;5;44;151;344.151;4;10x5M
real;5;44;268;344.268;4;10x5M
real;5;44;250;344.250;4;10x5M
real;5;44;820;344.820;4;10x5M
real;5;44;825;344.825;4;10x5M
real;5;45;1;345.1;4;10x5M
real;5;45;1;345.1;4;10x5M
real;5;45;44;345.44;4;10x5M
real;5;45;44;345.44;4;10x5M
real;6;27;173;387.173;4;10x5M
real;6;27;170;387.170;4;10x5M
real;6;27;175;387.175;4;10x5M
sys;0;0;304;0.304;8;10x5M
sys;0;0;304;0.304;8;10x5M
sys;0;0;304;0.304;8;10x5M
sys;0;0;304;0.304;8;10x5M
sys;0;0;332;0.332;8;10x5M
sys;0;0;332;0.332;8;10x5M
sys;0;0;332;0.332;8;10x5M
sys;0;0;332;0.332;8;10x5M
sys;0;0;347;0.347;8;10x5M
sys;0;0;347;0.347;8;10x5M
sys;0;0;347;0.347;8;10x5M
sys;0;0;347;0.347;8;10x5M
sys;0;0;356;0.356;8;10x5M
sys;0;0;356;0.356;8;10x5M
sys;0;0;356;0.356;8;10x5M
sys;0;0;356;0.356;8;10x5M
sys;0;0;404;0.404;8;10x5M
sys;0;0;404;0.404;8;10x5M
sys;0;0;428;0.428;8;10x5M
sys;0;0;440;0.440;8;10x5M
user;19;51;981;1191.981;8;10x5M
user;19;51;981;1191.981;8;10x5M
user;19;51;981;1191.981;8;10x5M
user;19;51;981;1191.981;8;10x5M
user;19;53;248;1193.248;8;10x5M
user;19;53;335;1193.335;8;10x5M
user;19;53;335;1193.335;8;10x5M
user;19;53;335;1193.335;8;10x5M
user;19;53;335;1193.335;8;10x5M
user;19;53;570;1193.570;8;10x5M
user;19;53;570;1193.570;8;10x5M
user;19;53;570;1193.570;8;10x5M
user;19;53;570;1193.570;8;10x5M
user;19;53;895;1193.895;8;10x5M
user;19;53;895;1193.895;8;10x5M
user;19;53;895;1193.895;8;10x5M
user;19;53;895;1193.895;8;10x5M
user;19;54;492;1194.492;8;10x5M
user;19;54;492;1194.492;8;10x5M
user;19;55;42;1195.42;8;10x5M
real;5;44;174;344.174;8;10x5M
real;5;44;173;344.173;8;10x5M
real;5;44;172;344.172;8;10x5M
real;5;44;160;344.160;8;10x5M
real;5;44;460;344.460;8;10x5M
real;5;44;461;344.461;8;10x5M
real;5;44;462;344.462;8;10x5M
real;5;44;468;344.468;8;10x5M
real;5;44;750;344.750;8;10x5M
real;5;44;740;344.740;8;10x5M
real;5;44;747;344.747;8;10x5M
real;5;44;741;344.741;8;10x5M
real;5;44;892;344.892;8;10x5M
real;5;45;214;345.214;8;10x5M
real;5;45;57;345.57;8;10x5M
real;5;45;57;345.57;8;10x5M
real;5;45;57;345.57;8;10x5M
real;5;45;57;345.57;8;10x5M
real;5;46;229;346.229;8;10x5M
real;5;46;221;346.221;8;10x5M
